zone_code,stand_code,stand_name,rows,ic_votes,ad_votes,candidate_votes,ic_pct_candidate_votes,ad_pct_candidate_votes
01,01,USAQUÉN,62,3495,7131,10626,32.891,67.109
01,02,SERVITA,49,5144,6020,11164,46.0767,53.9233
01,03,CALAZANS,20,1609,3035,4644,34.6469,65.3531
01,04,COLEGIO AQUILEO PARRA SEDE BACHILLERATO,33,3703,4372,8075,45.8576,54.1424
01,05,LIJACA,24,2566,2827,5393,47.5802,52.4198
01,06,SAN ANTONIO UNIÓN COLOMBIA,24,2816,3283,6099,46.1715,53.8285
01,07,COLEGIO AGUSTIN FERNANDEZ SEDE A,27,2938,3389,6327,46.4359,53.5641
01,08,CENTRO COMERCIAL CEDRITOS 151,47,2529,8863,11392,22.1998,77.8002
01,09,UNIVERSIDAD EL BOSQUE,32,1461,5854,7315,19.9727,80.0273
01,10,SANTO TOMAS DE AQUINO,25,989,5119,6108,16.1919,83.8081
01,11,INSTITUTO PEDAGOGICO NACIONAL,29,1434,4998,6432,22.2948,77.7052
01,12,CENTRO COMERCIAL UNICENTRO,65,1917,13649,15566,12.3153,87.6847
01,13,PLAZA MEXICO,23,748,5153,5901,12.6758,87.3242
01,14,SANTA PAULA,20,625,4551,5176,12.075,87.925
01,15,CENTRO COMERCIAL HACIENDA SANTA BARBARA,27,1009,5637,6646,15.1821,84.8179
01,16,COLEGIO MONTERROSALES,6,703,574,1277,55.0509,44.9491
01,17,COLEGIO DISTRITAL TOBERIN SEDE A,25,2199,4194,6393,34.397,65.603
01,18,PARQUE CEDRITOS,22,1229,4342,5571,22.0607,77.9393
01,19,CEDRO GOLF,24,1567,4211,5778,27.1201,72.8799
01,20,BUENAVISTA,17,2471,1622,4093,60.3714,39.6286
01,21,CANAIMA,12,1040,1367,2407,43.2073,56.7927
01,22,ALESSANDRO VOLTA,24,1415,5084,6499,21.7726,78.2274
01,23,COLEGIO DISTRITAL USAQUEN SEDE A,31,1661,7194,8855,18.7578,81.2422
01,24,COLEGIO DISTRITAL CRISTOBAL COLON,12,1445,1510,2955,48.9002,51.0998
01,25,COLEGIO DISTRITAL DIVINO MAESTRO SEDE A,14,1776,1676,3452,51.4484,48.5516
01,26,COLEGIO DISTRITAL DIVINO MAESTRO SEDE B,15,2083,1623,3706,56.2062,43.7938
01,27,COLEGIO COLSUBSIDIO NORTE USAQUEN,24,1714,4697,6411,26.7353,73.2647
01,28,COLEGIO GENERAL SANTANDER USAQUEN,19,2360,2755,5115,46.1388,53.8612
01,29,"COLEGIO TOBERIN ""B""",12,1374,1636,3010,45.6478,54.3522
01,30,COLEGIO FRIEDRICH NAUMANN SEDE A,5,555,586,1141,48.6415,51.3585
01,31,COLEGIO FRIEDRICH NAUMANN SEDE B,5,732,197,929,78.7944,21.2056
01,32,VERBENAL SANTA MARIA,18,2433,2356,4789,50.8039,49.1961
01,33,COLEGIO DISTRITAL SALUDCOOP NORTE,16,2232,2138,4370,51.0755,48.9245
01,34,COLEGIO NUEVO HORIZONTE SEDE D TORCA,2,119,183,302,39.404,60.596
01,35,CARULLA 140,15,767,3171,3938,19.4769,80.5231
01,36,COLEGIO SAN FRANCISCO CL 186,13,1929,1474,3403,56.6853,43.3147
01,37,COLEGIO BUEN CONSEJO,17,723,4110,4833,14.9597,85.0403
01,38,UNIVERSIDAD MILITAR,15,746,3261,4007,18.6174,81.3826
01,39,COLEGIO LA ESTRELLITA,8,1423,749,2172,65.5157,34.4843
01,40,COLEGIO ESCLAVAS DEL SAGRADO CORAZON,12,1228,2275,3503,35.0557,64.9443
01,41,COLEGIO CARDENAL SANCHA,9,406,2156,2562,15.847,84.153
01,42,COLEGIO CAMPESTRE SAN JOSE,20,1164,4815,5979,19.4681,80.5319
01,43,COLEGIO PROVINMA,15,1075,3185,4260,25.2347,74.7653
01,44,COLEGIO EUCARISTICO VILLA GUADALUPE,10,1040,1775,2815,36.9449,63.0551
01,45,ANGLO AMERICANO,9,754,1533,2287,32.969,67.031
01,46,COLEGIO PUREZA DE MARIA,17,1145,3482,4627,24.7461,75.2539
01,47,CENTRO COMERCIAL BELAIRE PLAZA,11,1116,1850,2966,37.6264,62.3736
01,48,CENTRO COMERCIAL PALATINO,20,1213,4059,5272,23.0083,76.9917
01,49,FUNDACION ANA RESTREPO DEL CORRAL,2,254,227,481,52.8067,47.1933
01,50,SALON COMUNAL TIBABITA,3,439,320,759,57.8393,42.1607
01,51,I E AQUILEO PARRA SEDE PRIMARIA,5,548,651,1199,45.7048,54.2952
01,52,COLEGIO MAYOR JOSE CELESTINO MUTIS,6,917,856,1773,51.7202,48.2798
01,53,COLEGIO MARIA AUXILIADORA NORTE,9,878,1471,2349,37.3776,62.6224
01,54,SALON COMUNAL SAN CRISTOBAL NORTE,4,531,376,907,58.5447,41.4553
01,55,SALON COMUNAL VILLA NIDIA,3,380,219,599,63.4391,36.5609
01,56,COLEGIO AGUSTIN FERNANDEZ SEDE D,1,54,36,90,60.0,40.0
01,57,ESCUELA COLOMBIANA DE REHABILITACION,10,695,2094,2789,24.9193,75.0807
01,58,UNIVERSIDAD DE AMERICA SEDE POSGRADOS,10,525,2569,3094,16.9683,83.0317
01,59,COLEGIO USAQUEN SEDE B,19,1769,4018,5787,30.5685,69.4315
01,60,COLEGIO ANGLO COLOMBIANO,12,1154,2387,3541,32.5897,67.4103
01,61,THE ENGLISH SCHOOL,1,70,81,151,46.3576,53.6424
01,62,UNISANITAS 170,4,462,560,1022,45.2055,54.7945
02,01,CHICO NORTE,42,1179,3891,5070,23.2544,76.7456
02,02,CHICO RESERVADO,28,593,3302,3895,15.2246,84.7754
02,03,CHICO LICEO FRANCES LOUIS PASTEUR,24,692,5475,6167,11.221,88.779
02,04,ANTIGUO COUNTRY PLAZOLETA CARULLA,22,866,4257,5123,16.9042,83.0958
02,05,UNIVERSIDAD EAN,22,977,4561,5538,17.6417,82.3583
02,06,UNIVERSIDAD SERGIO ARBOLEDA,14,1062,2159,3221,32.9711,67.0289
02,07,UNIVERSIDAD PEDAGOGICA NACIONAL,17,1665,2137,3802,43.7927,56.2073
02,08,GRANADA COLEGIO SIMON RODRIGUEZ SEDE B,6,617,504,1121,55.0401,44.9599
02,09,SENA CALLE 65,11,988,1171,2159,45.7619,54.2381
02,10,UNIVERSIDAD KONRAD LORENZ,16,1369,2064,3433,39.8777,60.1223
02,11,SENA CALLE 52,16,1628,1776,3404,47.8261,52.1739
02,12,UNIVERSIDAD PILOTO,12,1139,1243,2382,47.817,52.183
02,13,COL CAMPESTRE MONTEVERDE SAN LUIS SD A,14,2242,873,3115,71.9743,28.0257
02,14,COLEGIO SIMON RODRIGUEZ SEDE A,12,1132,1320,2452,46.1664,53.8336
02,15,UNIVERSIDAD DISTRITAL,16,2090,1485,3575,58.4615,41.5385
02,16,CENTRO COMERCIAL DE LA 93,3,102,713,815,12.5153,87.4847
02,17,MUSEO DEL CHICO,6,170,1474,1644,10.3406,89.6594
02,18,SALON COMUNAL PARAISO EL TROPIHUECO,2,366,145,511,71.6243,28.3757
02,19,COLEGIO SAN MARTIN DE PORRES SEDE B,2,299,103,402,74.3781,25.6219
02,20,BETHLEMITAS-CALLE 65,15,1795,2112,3907,45.9432,54.0568
02,21,U. SANTO TOMAS CLAUSTRO,12,1763,1370,3133,56.2719,43.7281
02,22,EL AQUINATE U. SANTO TOMAS,6,896,738,1634,54.8348,45.1652
02,23,COLEGIO NUEVO GIMNASIO,5,288,780,1068,26.9663,73.0337
02,24,UNIVERSIDAD CATOLICA,8,1276,875,2151,59.3212,40.6788
02,25,UNIVERSIDAD DE LA SALLE,13,1897,1655,3552,53.4065,46.5935
02,26,COLEGIO LICEO DE CERVANTES EL RETIRO,11,370,2799,3169,11.6756,88.3244
02,27,COLEGIO DEL ROSARIO DE SANTO DOMINGO,3,214,660,874,24.4851,75.5149
02,28,PARQUEADERO CHICO CALLE 90,4,178,956,1134,15.6966,84.3034
02,29,UNIVERSIDAD AREA ANDINA,3,362,277,639,56.651,43.349
02,30,CHICO 97,8,319,1676,1995,15.99,84.01
02,31,UNIVERSIDAD JAVERIANA,9,1229,865,2094,58.6915,41.3085
02,32,CENTRO FELICIDAD CHAPINERO,7,526,1545,2071,25.3984,74.6016
02,33,SALON COMUNAL SAN ISIDRO,1,136,87,223,60.9865,39.0135
02,35,COLEGIO CAMPESTRE MONTEVERDE SEDE B,1,113,61,174,64.9425,35.0575
02,36,COLEGIO SAN MARTIN DE PORRES SEDE A,1,172,89,261,65.9004,34.0996
02,37,COMPENSAR CALLE 94,5,287,1187,1474,19.4708,80.5292
03,01,CAMILO TORRES,20,2554,1569,4123,61.9452,38.0548
03,02,LA PERSEVERANCIA,11,1592,555,2147,74.15,25.85
03,03,POLICARPA SALAVARRIETA,6,689,415,1104,62.4094,37.5906
03,04,PALACIO SAN FRANCISCO,17,1884,1091,2975,63.3277,36.6723
03,05,FACULTAD DE ARTES - ASAB,9,774,587,1361,56.8699,43.1301
03,06,LOS LACHES,20,3211,852,4063,79.0303,20.9697
03,07,CENTRO ORIENTE,9,1210,543,1753,69.0245,30.9755
03,08,SAN BERNARDO,10,1085,752,1837,59.0637,40.9363
03,09,LAS CRUCES,18,2388,1112,3500,68.2286,31.7714
03,10,GIRARDOT,14,2181,602,2783,78.3687,21.6313
03,11,EL CONSUELO,13,2210,833,3043,72.6257,27.3743
03,12,MEDICINA LEGAL,8,824,472,1296,63.5802,36.4198
03,13,LAS AGUAS,8,928,566,1494,62.1151,37.8849
03,14,LAS NIEVES,13,1339,1124,2463,54.3646,45.6354
03,15,EL VERJON,1,25,27,52,48.0769,51.9231
03,16,EL GRAN SAN,7,789,586,1375,57.3818,42.6182
03,17,COLEGIO RAMON JIMENO,1,112,26,138,81.1594,18.8406
03,18,COLEGIO LA GIRALDA,10,1941,606,2547,76.2073,23.7927
03,19,UNIVERSIDAD JORGE TADEO LOZANO,10,1645,711,2356,69.8217,30.1783
03,20,UNIVERSIDAD INCCA DE COLOMBIA,3,325,160,485,67.0103,32.9897
03,21,CENTRO COMERCIAL SAN MARTIN,10,1621,1004,2625,61.7524,38.2476
03,22,UNIV ANTONIO NARIÑO SANTA FE,4,616,342,958,64.3006,35.6994
03,23,UNIVERSIDAD CENTRAL,10,1557,837,2394,65.0376,34.9624
03,24,COLEGIO LOS PINOS I.E.D. SEDE A,1,235,39,274,85.7664,14.2336
04,01,LAS BRISAS,11,1514,474,1988,76.1569,23.8431
04,02,SANTA ANA SUR,15,1776,1134,2910,61.0309,38.9691
04,03,SAN CRISTOBAL SUR,29,4493,1878,6371,70.5227,29.4773
04,04,LAS MERCEDES,19,2953,1359,4312,68.4833,31.5167
04,05,SAN BLAS,33,5296,2320,7616,69.5378,30.4622
04,06,PRIMERA DE MAYO,17,2462,1612,4074,60.432,39.568
04,07,SOSIEGO,12,1437,1159,2596,55.3544,44.6456
04,08,JUAN DEL RIZZO,27,3403,2219,5622,60.5301,39.4699
04,09,MONTEBELLO,26,3890,2214,6104,63.7287,36.2713
04,10,RAMAJAL,9,1468,536,2004,73.2535,26.7465
04,11,BELLO HORIZONTE,22,3523,1451,4974,70.8283,29.1717
04,12,SAN ISIDRO,26,3901,2451,6352,61.4137,38.5863
04,13,PARQUEADERO GUACAMAYAS,14,2195,931,3126,70.2175,29.7825
04,14,SAN MARTIN DE LOBA SUR,23,4025,1519,5544,72.601,27.399
04,15,BELLAVISTA SAN CRISTOBAL,14,2361,953,3314,71.2432,28.7568
04,16,CDC LA VICTORIA,40,6094,2965,9059,67.2701,32.7299
04,17,ALTAMIRA,20,3488,1264,4752,73.4007,26.5993
04,18,EL QUINDIO,7,1224,412,1636,74.8166,25.1834
04,19,REPUBLICA DEL CANADA,7,1147,507,1654,69.347,30.653
04,20,LA GLORIA,15,2469,1085,3554,69.471,30.529
04,21,JUAN REY,17,2878,865,3743,76.8902,23.1098
04,22,VILLA DE LOS ALPES,21,3237,1971,5208,62.1544,37.8456
04,23,LOS LIBERTADORES,17,2750,1075,3825,71.8954,28.1046
04,24,SAN PEDRO SUR ORIENTAL,11,1595,903,2498,63.8511,36.1489
04,25,VILLA DEL CERRO,9,1497,799,2296,65.2003,34.7997
04,26,CANADA GUIRA,3,475,236,711,66.8073,33.1927
04,27,ARBOLEDA SUR,12,1399,1322,2721,51.4149,48.5851
04,28,20 DE JULIO SEDE A,19,2989,1422,4411,67.7624,32.2376
04,29,COLISEO DEPORTIVO PRIMERA DE MAYO,12,1830,1119,2949,62.0549,37.9451
04,30,SAN GERONIMO,2,365,168,533,68.4803,31.5197
04,31,SURAMERICA,5,797,349,1146,69.5462,30.4538
04,32,SAN VICENTE COLSUBSIDIO,9,1855,608,2463,75.3147,24.6853
04,33,GUACAMAYAS II,11,2005,505,2510,79.8805,20.1195
04,34,ESCUELA LA VICTORIA B,10,1841,699,2540,72.4803,27.5197
04,35,JUANA ESCOBAR SEDE A,5,1050,297,1347,77.951,22.049
04,36,ROMA COLSUBSIDIO,3,515,112,627,82.1372,17.8628
04,37,LA GLORIA- ESCUELA ALTAMIRA,18,3596,993,4589,78.3613,21.6387
04,38,RAMAJAL AMAPOLAS,3,545,139,684,79.6784,20.3216
04,39,EL RODEO SEDE B LA GLORIA,5,945,239,1184,79.8142,20.1858
04,40,EL PORTAL,19,3280,1233,4513,72.6789,27.3211
04,41,LA CASTAÑA,3,502,133,635,79.0551,20.9449
04,42,SALON COMUNAL ATENAS,6,1024,364,1388,73.7752,26.2248
04,43,ASOCIACION NAL DE UNION CAMPESINA ACNU,9,1518,891,2409,63.0137,36.9863
04,44,LA BELLEZA,6,1055,311,1366,77.2328,22.7672
04,45,AGUAS CLARAS,4,646,192,838,77.0883,22.9117
04,46,SALON COMUNAL LA ROCA,5,884,315,1199,73.7281,26.2719
04,47,LAS MERCEDES II,6,1090,505,1595,68.3386,31.6614
04,48,MONTEBELLO SEDE B,7,1228,493,1721,71.3539,28.6461
04,49,EL RODEO SEDE A,4,808,267,1075,75.1628,24.8372
04,50,MORALBA,1,206,106,312,66.0256,33.9744
04,51,NUEVA DELHI,5,945,293,1238,76.3328,23.6672
04,52,TOMAS RUEDA VARGAS SEDE B,6,1107,378,1485,74.5455,25.4545
04,53,ENTRE NUBES SEDE A,4,660,163,823,80.1944,19.8056
04,54,SALON COMUNAL SAN ISIDRO II SECTOR,6,1009,526,1535,65.7329,34.2671
04,55,COLEGIO LA VICTORIA SEDE A,9,1485,460,1945,76.3496,23.6504
04,56,COLEGIO ATENAS IED,2,178,144,322,55.2795,44.7205
04,57,COLEGIO RAFAEL NUÑEZ IED SEDE B,3,424,347,771,54.9935,45.0065
04,58,IED GLORIA VALENCIA DE CASTAÑO,2,294,107,401,73.3167,26.6833
05,01,USME,24,3537,1504,5041,70.1646,29.8354
05,02,EL DESTINO,4,367,168,535,68.5981,31.4019
05,03,MONTEBLANCO,17,2789,900,3689,75.6031,24.3969
05,04,SANTA MARTA,19,3147,1140,4287,73.408,26.592
05,05,SANTA LIBRADA,35,5004,2542,7546,66.3133,33.6867
05,06,ALMIRANTE PADILLA,30,4775,2450,7225,66.09,33.91
05,07,USMINIA,16,2658,1131,3789,70.1504,29.8496
05,08,MARICHUELA,24,3918,1924,5842,67.0661,32.9339
05,09,LA AURORA,35,5708,2665,8373,68.1715,31.8285
05,10,CHUNIZA,19,2943,1519,4462,65.957,34.043
05,11,LA FLORA,10,1738,502,2240,77.5893,22.4107
05,12,EL HATO,4,317,92,409,77.5061,22.4939
05,13,LOS COMUNEROS,18,2945,1233,4178,70.4883,29.5117
05,14,EL VIRREY,23,3797,1690,5487,69.1999,30.8001
05,15,EL DANUBIO AZUL,17,2514,1401,3915,64.2146,35.7854
05,16,JUAN JOSE RONDON,8,1433,346,1779,80.5509,19.4491
05,17,LA FORTALEZA,15,2276,899,3175,71.685,28.315
05,18,EL BOSQUE,17,2717,1158,3875,70.1161,29.8839
05,19,VILLA HERMOSA,18,3025,1426,4451,67.9623,32.0377
05,20,VALLES DE CAFAM,15,2817,1019,3836,73.4359,26.5641
05,21,LA FISCALA,19,3221,1249,4470,72.0582,27.9418
05,22,PORTAL USME,24,4284,1604,5888,72.7582,27.2418
05,23,BRASILIA,14,2720,793,3513,77.4267,22.5733
05,24,EL CORTIJO USME,8,1483,393,1876,79.0512,20.9488
05,25,TENERIFE,9,1712,505,2217,77.2215,22.7785
05,26,GRAN YOMASA,17,3265,890,4155,78.58,21.42
05,27,CABAÑAS,6,1021,378,1399,72.9807,27.0193
05,28,LOS TEJARES,6,1029,259,1288,79.8913,20.1087
05,29,COLEGIO FERNANDO GONZALEZ OCHOA,9,1835,482,2317,79.1972,20.8028
05,30,ALFONSO LOPEZ,17,2984,796,3780,78.9418,21.0582
05,31,LA ALBORADA,9,1608,538,2146,74.9301,25.0699
05,32,UVAL - PUERTA AL LLANO,13,2274,724,2998,75.8506,24.1494
05,33,VILLA ALEMANIA,9,1776,411,2187,81.2071,18.7929
05,34,USME - CENTRO,8,1503,450,1953,76.9585,23.0415
05,35,BRAZUELOS,8,1554,428,1982,78.4057,21.5943
05,36,CDC JULIO CESAR SANCHEZ,12,2316,852,3168,73.1061,26.8939
05,37,VIA AL LLANO,3,417,102,519,80.3468,19.6532
05,38,NUSADAL,6,1095,235,1330,82.3308,17.6692
05,39,JARDIN INFANTIL LA FORTALEZA DEL OSO,6,1066,510,1576,67.6396,32.3604
05,41,BOLONIA,6,1048,309,1357,77.2292,22.7708
05,42,COLEGIO JOSE EUSTASIO RIVERA,8,1408,513,1921,73.2952,26.7048
05,43,COLEGIO ANDRES ESCOBAR,5,892,406,1298,68.7211,31.2789
05,44,CENTRO COMERCIAL ALTAVISTA,21,4142,1352,5494,75.3913,24.6087
05,45,SANTA LIBRADA 2,3,539,230,769,70.091,29.909
05,46,MIRAVALLE,2,438,183,621,70.5314,29.4686
05,47,NUEVO PORVENIR,2,288,102,390,73.8462,26.1538
05,48,SALON COMUNAL ALFONSO LOPEZ 1 y 2,4,755,240,995,75.8794,24.1206
05,49,SALON COMUNAL LOS COMUNEROS,4,635,262,897,70.7915,29.2085
05,50,S. COMUNAL URBANIZACION NUEVA COSTARICA,2,439,187,626,70.1278,29.8722
05,51,SALON COMUNAL CENTRAL SANTAMARTA,2,284,80,364,78.022,21.978
05,52,COLEGIO JUAN LUIS LONDOÑO - IED,1,178,37,215,82.7907,17.2093
05,53,COLEGIO ISIDRO MOLINA,2,225,97,322,69.8758,30.1242
06,01,TUNJUELITO A,22,2666,1760,4426,60.235,39.765
06,02,"FATIMA ""A""",21,2807,1980,4787,58.638,41.362
06,03,ABRAHAM LINCOLN,9,1080,817,1897,56.932,43.068
06,04,SAN CARLOS,17,2263,1618,3881,58.3097,41.6903
06,05,SAN BENITO,20,2491,2062,4553,54.7112,45.2888
06,06,"EL TUNAL ""A""",24,2948,2276,5224,56.4319,43.5681
06,07,"EL CARMEN SUR ""A""",18,2367,1460,3827,61.85,38.15
06,08,SAN VICENTE FERRER,20,2874,1847,4721,60.8769,39.1231
06,09,VENECIA A,27,3265,3061,6326,51.6124,48.3876
06,10,"NUEVO MUZU ""A""",8,963,1026,1989,48.4163,51.5837
06,11,ISLA DEL SOL,13,1739,1178,2917,59.616,40.384
06,12,VENECIA B,8,992,669,1661,59.7231,40.2769
06,13,TUNJUELITO B,4,546,279,825,66.1818,33.8182
06,14,"EL TUNAL ""B""",19,2967,1813,4780,62.0711,37.9289
06,15,"EL CARMEN SUR ""B""",4,592,401,993,59.6173,40.3827
06,16,"FATIMA ""B""",9,1428,903,2331,61.2613,38.7387
06,17,"NUEVO MUZO ""B""",4,708,392,1100,64.3636,35.6364
06,18,JARDIN INFANTIL ISLA DEL SOL,4,635,382,1017,62.4385,37.5615
06,19,LICEO SANTA BERNARDITA,5,710,635,1345,52.7881,47.2119
06,20,COLEGIO COOPERATIVO VENECIA,11,1631,1155,2786,58.5427,41.4573
06,21,COOPERATIVO NUEVO MUZU,4,683,424,1107,61.6983,38.3017
06,22,LICEO CAMPESTRE CAFAM,1,68,35,103,66.0194,33.9806
06,23,NUESTRA SEÑORA LAS VICTORIAS,2,257,146,403,63.7717,36.2283
06,24,SANTA CECILIA DE TUNJUELITO,6,1038,698,1736,59.7926,40.2074
06,25,CASA DE JUSTICIA DE TUNJUELITO,7,989,315,1304,75.8436,24.1564
06,26,PORFIRIO BARBA JACOB,3,484,141,625,77.44,22.56
06,27,SAN BENITO ABAD,2,337,172,509,66.2083,33.7917
06,28,CIUDAD BOGOTA SEDE B,8,1517,840,2357,64.3615,35.6385
06,29,PARROQUIAL SAN CARLOS,14,2144,1286,3430,62.5073,37.4927
06,30,JARDIN INFANTIL CARMEN SUR,6,1046,695,1741,60.0804,39.9196
06,31,INSTITUTO TECNICO PILOTO SEDE C,8,1354,918,2272,59.5951,40.4049
06,32,SALON COMUNAL ISLA DEL SOL,3,484,311,795,60.8805,39.1195
06,33,JARDIN INFANTIL PABLO DE TARSO,3,405,350,755,53.6424,46.3576
06,34,COLEGIO DISTRITAL MARCO FIDEL ZUAREZ,1,126,52,178,70.7865,29.2135
06,35,SALON COMUNAL BARRIO EL CARMEN,1,101,75,176,57.3864,42.6136
06,36,SALON COMUNAL VENECIA,4,528,396,924,57.1429,42.8571
06,37,CENTRO FELICIDAD,1,99,38,137,72.2628,27.7372
07,01,BOSA,44,5645,3396,9041,62.4378,37.5622
07,02,VILLA DEL RIO,21,2468,2296,4764,51.8052,48.1948
07,03,JOSE ANTONIO GALAN,22,3144,1857,5001,62.8674,37.1326
07,04,LA AMISTAD,20,2696,1948,4644,58.0534,41.9466
07,05,CARLOS ALBAN,31,4530,2923,7453,60.7809,39.2191
07,06,LA LIBERTAD,42,6117,3972,10089,60.6304,39.3696
07,07,PIAMONTE,32,4677,2821,7498,62.3766,37.6234
07,08,LA ESTACION,27,3666,2097,5763,63.6127,36.3873
07,09,LAURELES,27,4133,1950,6083,67.9434,32.0566
07,10,PALESTINA,16,2377,1086,3463,68.6399,31.3601
07,11,ORLANDO HIGUITA,25,3661,2614,6275,58.3426,41.6574
07,12,BOSA PAULO VI,19,2720,1672,4392,61.9308,38.0692
07,13,BOSA BRASILIA,22,3202,2008,5210,61.4587,38.5413
07,14,ISLANDIA,6,811,384,1195,67.8661,32.1339
07,15,JIMENEZ DE QUESADA,11,1507,1004,2511,60.0159,39.9841
07,16,SAN BERNARDINO,13,2122,645,2767,76.6896,23.3104
07,17,BOSA SAN JOSE,10,1745,476,2221,78.5682,21.4318
07,18,SURBANA,8,1026,579,1605,63.9252,36.0748
07,19,NUEVO CHILE,23,3480,2003,5483,63.4689,36.5311
07,20,SANTA FE DE BOSA,16,2640,1428,4068,64.8968,35.1032
07,21,EL PORVENIR,26,4436,1869,6305,70.3569,29.6431
07,22,EL RECREO,22,3752,1650,5402,69.4558,30.5442
07,23,LA ESPERANZA,19,3424,1402,4826,70.949,29.051
07,24,FRANCISCO DE PAULA SANTANDER,5,813,358,1171,69.4278,30.5722
07,25,PABLO DE TARSO,21,3545,1161,4706,75.3294,24.6706
07,26,ATALAYAS,15,2656,1247,3903,68.0502,31.9498
07,27,EL RECUERDO SANTAFE,17,2958,1231,4189,70.6135,29.3865
07,28,FE Y ALEGRIA SAN IGNACIO,29,5195,2537,7732,67.1883,32.8117
07,29,CIUDADELA EL PORVENIR,31,5805,2083,7888,73.5928,26.4072
07,30,CARLOS PIZARRO LEON GOMEZ,21,4135,1548,5683,72.7609,27.2391
07,31,NUEVO CARLOS ALBAN,11,2027,778,2805,72.2638,27.7362
07,32,LAURELES II,20,3731,1220,4951,75.3585,24.6415
07,33,NUEVA ESTACION,10,1544,905,2449,63.0461,36.9539
07,34,LA INDEPENDENCIA,9,1560,709,2269,68.7528,31.2472
07,35,BOSANOVA,7,1013,539,1552,65.2706,34.7294
07,36,LLANO ORIENTAL,11,2067,841,2908,71.0798,28.9202
07,37,CARBONELL,8,1237,422,1659,74.563,25.437
07,38,NUEVA GRANADA BOSA,5,747,354,1101,67.8474,32.1526
07,39,NARANJOS,16,2829,1081,3910,72.3529,27.6471
07,40,CAMPO VERDE - POTRERITOS,22,3839,1674,5513,69.6354,30.3646
07,41,CLARETIANO,28,5138,1703,6841,75.106,24.894
07,42,VILLA DEL RIO II,8,1169,983,2152,54.3216,45.6784
07,43,HOLANDA,6,921,401,1322,69.6672,30.3328
07,44,PORTAL DE BRASIL,7,1274,505,1779,71.6133,28.3867
07,45,RECREO MICHELSEN,25,5126,1497,6623,77.397,22.603
07,46,CEDID SAN PABLO,26,4757,1788,6545,72.6814,27.3186
07,47,LA ACUARELA,8,1230,580,1810,67.9558,32.0442
07,48,MIGUEL ANGEL ASTURIAS,1,147,160,307,47.8827,52.1173
07,49,COLISEO LA PALESTINA,8,1571,571,2142,73.3427,26.6573
07,50,ALFREDO NOBEL,5,827,396,1223,67.6206,32.3794
07,51,MANUEL ELKIN PATARROYO,11,2038,837,2875,70.887,29.113
07,52,PARQUE AUTOPISTA SUR PAVCO,9,1528,578,2106,72.5546,27.4454
07,53,JARDIN INFANTIL OLARTE,7,1338,574,1912,69.9791,30.0209
07,54,GIMNASIO LOS SAUCES,10,1818,971,2789,65.1847,34.8153
07,55,CLARETIANO EL LIBERTADOR,6,851,310,1161,73.2989,26.7011
07,56,GIMNASIO REAL AMERICANO,9,1636,967,2603,62.8506,37.1494
07,57,LICEO CIUDAD CAPITAL,11,2173,866,3039,71.5038,28.4962
07,58,JUAN MAXIMILIANO AMBROSIO,5,767,449,1216,63.0757,36.9243
07,59,INSTITUTO GUIMARC,5,958,415,1373,69.7742,30.2258
07,60,COLEGIO COLSUBSIDIO CHICALA,26,4885,1932,6817,71.6591,28.3409
07,61,COLEGIO CIUDADANOS DEL FUTURO,16,3025,1313,4338,69.7326,30.2674
07,62,CC GRAN PLAZA BOSA,29,5142,1419,6561,78.3722,21.6278
07,63,LA CONCEPCION,6,1210,600,1810,66.8508,33.1492
07,64,VILLAS DEL PROGRESO,3,582,133,715,81.3986,18.6014
07,65,LICEO LOPEZ OSORIO,6,1188,557,1745,68.0802,31.9198
07,66,SOLEDAD ACOSTA DE SAMPER,5,1033,435,1468,70.3678,29.6322
07,67,CLARELANDIA,2,409,82,491,83.2994,16.7006
07,68,COLEGIO JORGE ISAACS,6,1230,474,1704,72.1831,27.8169
07,70,PARQUES DE BOGOTA,14,2785,1301,4086,68.1596,31.8404
07,71,BICENTENARIO DE LA INDEPENDENCIA,4,734,250,984,74.5935,25.4065
07,72,ESMERALDA ARBOLEDA,3,597,154,751,79.494,20.506
07,74,CHARLES DE GAULLE,2,256,130,386,66.3212,33.6788
07,75,LAURA HERRERA,1,184,67,251,73.3068,26.6932
07,76,RODRIGO DE BASTIDAS,2,329,179,508,64.7638,35.2362
07,77,SONIA OSORIO,2,457,138,595,76.8067,23.1933
07,78,VILLAS DEL PROGRESO PRIMERA INFANCIA,1,237,72,309,76.699,23.301
07,79,SENDEROS DE PORVENIR PRIMERA INFANCIA,2,311,72,383,81.201,18.799
07,80,JUMBO AUTOPISTA SUR,1,62,36,98,63.2653,36.7347
08,01,COLEGIO DISTRITAL CLASS SEDE A,27,3858,1863,5721,67.4358,32.5642
08,02,COL. CLASS IED SEDE C,39,5320,3683,9003,59.0914,40.9086
08,03,COLEGIO DISTRITAL VILLA RICA - SEDE A,19,2525,1836,4361,57.8996,42.1004
08,04,CATALINA,24,3424,2383,5807,58.9633,41.0367
08,05,CASABLANCA 32,26,3144,2897,6041,52.0444,47.9556
08,06,BRITALIA,25,3434,2492,5926,57.948,42.052
08,07,COLEGIO DISTRITAL SAN JOSE IED SEDE A,19,2395,2000,4395,54.4937,45.5063
08,08,LOS PERIODISTAS,15,2148,1208,3356,64.0048,35.9952
08,09,CARLOS ARTURO TORRES,24,3155,2470,5625,56.0889,43.9111
08,10,LA CHUCUA,27,3963,3136,7099,55.8248,44.1752
08,11,COLEGIO ALFONSO LOPEZ PUMAREJO,30,4354,3394,7748,56.1951,43.8049
08,12,FRANCISCO MIRANDA,23,3239,2229,5468,59.2356,40.7644
08,13,LAS AMERICAS SEDE A,17,2325,2062,4387,52.9975,47.0025
08,14,COLEGIO TOM ADAMS,19,2502,2090,4592,54.4861,45.5139
08,15,JOHN F. KENNEDY,19,2542,1726,4268,59.5595,40.4405
08,16,EL JAPON,31,3652,2745,6397,57.0893,42.9107
08,17,POLIDEPORTIVO CAYETANO CAÑIZARES,19,2386,1949,4335,55.0404,44.9596
08,18,EL SAUCEDAL,10,1148,1089,2237,51.3187,48.6813
08,19,COLEGIO DISTRITAL MANUEL ZAPATA OLIVELLA,48,7118,3764,10882,65.4108,34.5892
08,20,FRANCISCO JOSE DE CALDAS - INEM SEDE B,18,2218,2034,4252,52.1637,47.8363
08,21,COLEGIO C.E.L.C.O. SAN LUCAS,15,1628,1837,3465,46.9841,53.0159
08,22,PROSPERO PINZON,22,2775,2575,5350,51.8692,48.1308
08,23,COLEGIO LA AMISTAD,27,3570,2620,6190,57.6737,42.3263
08,24,LOS HEROES,12,1285,1492,2777,46.273,53.727
08,25,COLEGIO OEA,17,2172,1971,4143,52.4258,47.5742
08,26,FLORALIA,14,1528,1811,3339,45.7622,54.2378
08,27,CARVAJAL II SEDE ANTONIA SANTOS I,11,1091,1282,2373,45.9756,54.0244
08,28,VILLA ADRIANA,8,737,1083,1820,40.4945,59.5055
08,29,SUPERIOR AMERICANO,28,2719,4141,6860,39.6356,60.3644
08,30,LA FLORESTA SUR,19,2322,2352,4674,49.6791,50.3209
08,31,MARSELLA,21,2299,2886,5185,44.3394,55.6606
08,32,ALOHA,4,248,514,762,32.5459,67.4541
08,33,MANDALAY - COLEGIO KENNEDY,25,2742,3592,6334,43.2902,56.7098
08,34,PIO XII - SEDE COLEGIO ISABEL II,11,1443,1332,2775,52.0,48.0
08,35,COLEGIO NUEVA CASTILLA,31,3347,3916,7263,46.0829,53.9171
08,36,VILLANUEVA,10,1221,1089,2310,52.8571,47.1429
08,37,COL.  DISTRITAL JAIRO ANIBAL NIÑO,45,5954,3883,9837,60.5266,39.4734
08,38,VISION DE COLOMBIA,28,3712,3599,7311,50.7728,49.2272
08,39,SALÓN COMUNAL ALMENAR,11,1482,1204,2686,55.175,44.825
08,40,COLEGIO ALQUERIA,15,1964,1718,3682,53.3406,46.6594
08,41,BOITA,17,2236,1853,4089,54.6833,45.3167
08,42,COL DE TIMIZA,22,3120,2868,5988,52.1042,47.8958
08,43,COL. DIS. HERNANDO DURÁN DUSSAN,27,4068,2608,6676,60.9347,39.0653
08,44,COL. DIS. RODRIGO DE TRIANA - SEDE B,16,2269,1753,4022,56.4147,43.5853
08,45,COL. DIS. EDUARDO UMAÑA LUNA,29,4461,2715,7176,62.1656,37.8344
08,46,LICEO EL CASTILLO,10,1068,1321,2389,44.7049,55.2951
08,47,MILENIO PLAZA,11,1574,1004,2578,61.0551,38.9449
08,48,COL. GABRIEL BETANCOURT MEJIA,34,4472,4380,8852,50.5197,49.4803
08,49,MARIA PAZ,15,1933,1378,3311,58.3812,41.6188
08,50,COLEGIO NELSON MANDELA,17,2885,1591,4476,64.4549,35.5451
08,51,COLEGIO GUSTAVO ROJAS PINILLA,24,3071,3445,6516,47.1301,52.8699
08,52,COLEGIO CLASS I D E SEDE B ROMA,19,3292,1609,4901,67.17,32.83
08,53,GEMA,2,333,205,538,61.8959,38.1041
08,54,COL. DISTRITAL VILLA RICA - SEDE B,16,2692,1471,4163,64.6649,35.3351
08,55,COLEGIO JAIME GARZON,31,5578,3018,8596,64.8906,35.1094
08,56,COLEGIO DEBORA ARANGO,9,1564,789,2353,66.4683,33.5317
08,57,COL. DIS. CAFAM BELLAVISTA,25,4319,2329,6648,64.9669,35.0331
08,58,COL. DIST SALUDCOOP SUR,22,3744,2132,5876,63.7168,36.2832
08,59,MANUEL CEPEDA,21,3096,1524,4620,67.013,32.987
08,60,CENTRO COMERCIAL EL EDEN,43,5209,6464,11673,44.6243,55.3757
08,61,SANTA MARIA DE KENNEDY,15,2061,1623,3684,55.9446,44.0554
08,62,COLEGIO PAULO VI SEDE A,7,1106,729,1835,60.2725,39.7275
08,63,CENTRO DE DESARROLLO COMUNITARIO KENNEDY,16,2430,1625,4055,59.926,40.074
08,64,COLEGIO RODRIGO DE TRIANA,33,5719,3036,8755,65.3227,34.6773
08,65,COLEGIO DARIO ECHANDIA,20,3553,1826,5379,66.0532,33.9468
08,66,SAN FRANCISCO EN EL TINTAL,16,2277,2013,4290,53.0769,46.9231
08,67,CENTRO COMERCIAL CIUDAD TINTAL,6,818,795,1613,50.713,49.287
08,68,UNIVERSIDAD UNIAGUSTINIANA,18,2619,2430,5049,51.8717,48.1283
08,69,SAN JOSE DE CASTILLA SEDE A,18,2354,2680,5034,46.762,53.238
08,70,COLEGIO FE Y ALEGRIA,18,2565,2505,5070,50.5917,49.4083
08,71,COLEGIO JEAN PIAGET,7,857,944,1801,47.5847,52.4153
08,72,COLEGIO SAN PEDRO CLAVER SEDE A,12,2031,1142,3173,64.0088,35.9912
08,73,COL. TERESA MARTINEZ DE VARELA,7,1211,846,2057,58.8721,41.1279
08,74,COLEGIO DISTRITAL JACKELINE,5,858,438,1296,66.2037,33.7963
08,75,COLEGIO LUZ Y VIDA,6,869,745,1614,53.8414,46.1586
08,76,FERNANDO SOTO APARICIO SEDE B,6,1032,660,1692,60.9929,39.0071
08,77,SALON COMUNAL MONTERREY,7,929,873,1802,51.5538,48.4462
08,78,CENTRO COMERCIAL TINTAL PLAZA,48,7868,3818,11686,67.3284,32.6716
08,80,COLEGIO DIST. CODEMA,29,5218,2556,7774,67.1212,32.8788
08,81,SALON COMUNAL ROMA IV,10,1678,1013,2691,62.356,37.644
08,82,INEM FRANCISCO DE PAULA SANTANDER SEDE A,22,3545,1798,5343,66.3485,33.6515
08,83,FERNANDO SOTO APARICIO,4,553,359,912,60.636,39.364
08,84,SALON COMUNAL CARVAJAL OSORIO,5,623,408,1031,60.4268,39.5732
08,85,SALON COMUNAL CARVAJAL II SECTOR,2,246,209,455,54.0659,45.9341
08,86,NICOLAS ESGUERRA,2,261,227,488,53.4836,46.5164
08,87,SALON COMUNAL MARSELLA,10,1404,1361,2765,50.7776,49.2224
08,88,ISABEL II,6,973,669,1642,59.257,40.743
08,89,LICEO REYNEL,1,128,57,185,69.1892,30.8108
08,90,COLEGIO OEA ANTONIA SANTOS,3,401,355,756,53.0423,46.9577
08,91,SALON COMUNAL BOITA II SECTOR,5,796,552,1348,59.0504,40.9496
08,92,SALON COMUNAL SANTA CATALINA,2,324,224,548,59.1241,40.8759
08,93,COLEGIO INTEGRACION MODERNA,3,395,402,797,49.5609,50.4391
08,94,COLEGIO COOPERATIVO TIMIZA,6,1034,609,1643,62.9337,37.0663
08,95,FLORESTA SUR SEDE B,6,860,701,1561,55.0929,44.9071
08,96,CARLOS ARANGO VELEZ SEDE A,7,1164,899,2063,56.4227,43.5773
08,97,COLEGIO SAN RAFAEL SEDE A,4,669,381,1050,63.7143,36.2857
08,98,SALON COMUNAL VILLA CLAUDIA,2,233,148,381,61.1549,38.8451
08,99,COLEGIO SAN PEDRO CLAVER SEDE B,5,885,588,1473,60.0815,39.9185
08,A1,COLEGIO ERNESTO GUHL,3,522,302,824,63.3495,36.6505
08,A2,COLEGIO CIUDAD DE FOMEQUE,4,607,355,962,63.0977,36.9023
08,A3,ESC.TECNOLOGICA INST. TECNICO CENTRAL,14,2200,1882,4082,53.8951,46.1049
08,A4,COLEGIO EMMA REYES IED,9,1397,1170,2567,54.4215,45.5785
08,A5,SALON COMUNAL ANDALUCIA II SECTOR,5,665,627,1292,51.4706,48.5294
08,A6,SALON COMUNAL VILLA ALSACIA,5,547,771,1318,41.5023,58.4977
08,A7,CC PLAZA DE LAS AMERICAS,17,2217,1228,3445,64.3541,35.6459
08,A8,METRO ALQUERIA,6,958,731,1689,56.72,43.28
08,A9,LORETO DE CASTILLA,6,835,988,1823,45.8036,54.1964
08,B1,POLIDEPORTIVO CASTILLA,13,1965,1645,3610,54.4321,45.5679
08,B2,COLEGIO FELIZA BURSZTYN IED,5,772,819,1591,48.5229,51.4771
08,B3,"PARQUE ""URBANIZACION EL PARQUE""",2,246,155,401,61.3466,38.6534
08,B4,COLEGIO EL FERROL LA PAZ IED,7,925,1091,2016,45.8829,54.1171
08,B5,LICEO SAMARIO,2,343,189,532,64.4737,35.5263
08,B6,SALON INSTMAR - INSTITUTO MARSELLA,3,458,425,883,51.8686,48.1314
08,B7,GIMNASIO MODERNO CASTILLA,3,379,432,811,46.7324,53.2676
08,B8,SALON COMUNAL LAS AMERICAS,3,410,534,944,43.4322,56.5678
08,C2,LICEO CARMELITAS,1,193,85,278,69.4245,30.5755
08,C4,CASABLANCA I,2,321,148,469,68.4435,31.5565
08,C5,CASABLANCA 33,4,627,373,1000,62.7,37.3
08,C6,IED COLEGIO SAN JOSE SEDE B,2,254,207,461,55.0976,44.9024
08,C7,COL. GUSTAVO ROJAS PINILLA SEDE B,2,220,220,440,50.0,50.0
09,01,FONTIBON,48,4559,5715,10274,44.3741,55.6259
09,02,VILLEMAR,33,4183,4072,8255,50.6723,49.3277
09,03,HAYUELOS CENTRO COMERCIAL,39,3854,6570,10424,36.9724,63.0276
09,04,BELEN,33,4639,3720,8359,55.4971,44.5029
09,05,SAN PABLO LA PERLA,20,2799,1923,4722,59.2757,40.7243
09,06,VERSALLES,30,4252,2837,7089,59.9803,40.0197
09,07,VERACRUZ,22,2707,2720,5427,49.8802,50.1198
09,08,MODELIA SUR,22,1500,3606,5106,29.3772,70.6228
09,09,SANTA CECILIA - MODELIA,19,1605,2670,4275,37.5439,62.4561
09,10,CENTRO A,15,2045,1622,3667,55.7677,44.2323
09,11,LA LAGUNA,31,4222,3843,8065,52.3497,47.6503
09,12,BATAVIA,11,1421,1194,2615,54.3403,45.6597
09,13,LA GIRALDA,17,2307,2075,4382,52.6472,47.3528
09,14,PUERTA DE TEJA,6,695,711,1406,49.431,50.569
09,15,AGUSTINIANO SALITRE,23,2030,3750,5780,35.1211,64.8789
09,16,TRES ELEFANTES- LA ESPERANZA,11,871,1910,2781,31.3197,68.6803
09,17,PUENTE GRANDE,9,1298,727,2025,64.0988,35.9012
09,18,ZONA FRANCA,36,5661,3721,9382,60.3389,39.6611
09,19,RECODO,16,2349,1709,4058,57.8857,42.1143
09,20,SANTA TERESA CENTRO,9,1299,1150,2449,53.0421,46.9579
09,21,LA FELICIDAD,27,2935,4916,7851,37.3838,62.6162
09,22,NAVARRA MODELIA,12,1096,2133,3229,33.9424,66.0576
09,23,MODELIA REAL,19,2028,3182,5210,38.9251,61.0749
09,24,LA ALDEA,10,1660,893,2553,65.0215,34.9785
09,25,VAN UDEN CALLE 13,6,1062,442,1504,70.6117,29.3883
09,26,ATAHUALPA,22,3850,1669,5519,69.759,30.241
09,27,HAYUELOS JUMBO,28,2660,4831,7491,35.5093,64.4907
09,28,INTEGRADO SEDE B,5,725,439,1164,62.2852,37.7148
09,29,ACUNAR,11,1651,1254,2905,56.833,43.167
09,30,CASA PENSAMIENTO INTERCULTURAL,5,853,513,1366,62.4451,37.5549
09,31,COLEGIO LUIS ANGEL ARANGO,7,1103,555,1658,66.5259,33.4741
09,32,FERROCAJA,4,490,372,862,56.8445,43.1555
09,33,EL CHARCO,3,499,261,760,65.6579,34.3421
09,34,MULTIPLAZA,35,3938,6253,10191,38.6419,61.3581
09,35,SALITRE PLAZA,64,6344,12569,18913,33.5431,66.4569
09,36,PABLO NERUDA,8,1297,884,2181,59.4681,40.5319
09,37,CACIQUE HYNTIBA,7,939,583,1522,61.6951,38.3049
09,38,TRES ESTANCIAS,9,1540,961,2501,61.5754,38.4246
09,39,SAN JOSE,4,520,592,1112,46.7626,53.2374
09,40,EL JARDIN,2,283,268,551,51.3612,48.6388
09,41,CANCHA MULTIPLE FLORENCIA,6,1140,534,1674,68.1004,31.8996
09,42,TREBOLIS,5,460,769,1229,37.4288,62.5712
09,43,SALON COMUNAL FERROCAJA,2,166,250,416,39.9038,60.0962
09,44,COLEGIO SAN GABRIEL MODELIA,4,434,599,1033,42.0136,57.9864
09,45,GIMNASIO FIDEL CANO MODELIA,1,122,192,314,38.8535,61.1465
09,46,INTEGRADO SEDE D PALESTINA,3,466,255,721,64.6325,35.3675
09,47,IED MARIA J CANELONES,1,124,184,308,40.2597,59.7403
09,48,SALON COMUNAL PUERTA DE TEJA,1,74,73,147,50.3401,49.6599
10,01,BOYACA,29,2629,3124,5753,45.6979,54.3021
10,02,ENGATIVA,47,6072,5080,11152,54.4476,45.5524
10,03,NORMANDIA,21,1837,2803,4640,39.5905,60.4095
10,04,BOSQUE POPULAR,19,2405,2172,4577,52.5453,47.4547
10,05,EL GUALI,10,1067,1351,2418,44.1274,55.8726
10,06,EL LUJAN,21,2474,2827,5301,46.6704,53.3296
10,07,VILLA LUZ,24,2417,3395,5812,41.5864,58.4136
10,08,LOS ALAMOS,20,2369,2483,4852,48.8252,51.1748
10,09,VILLA AMALIA,21,2894,2271,5165,56.031,43.969
10,10,VILLAS DE GRANADA,30,3404,3704,7108,47.8897,52.1103
10,11,GARCES NAVAS,37,5427,3744,9171,59.1757,40.8243
10,12,BOCHICA,36,4367,4794,9161,47.6695,52.3305
10,13,LOS ALAMOS NORTE,24,2711,3018,5729,47.3206,52.6794
10,14,LA SALINA,26,3244,3462,6706,48.3746,51.6254
10,15,LA FLORIDA,20,2640,2088,4728,55.8376,44.1624
10,16,SANTA HELENITA,21,2396,2854,5250,45.6381,54.3619
10,17,LA EUROPA,10,964,1490,2454,39.2828,60.7172
10,18,LA ESTRADA,21,2525,2388,4913,51.3943,48.6057
10,19,LA ESTRADITA,31,4217,3761,7978,52.8579,47.1421
10,20,LAS FERIAS,18,1866,2092,3958,47.145,52.855
10,21,BONANZA,32,3832,4395,8227,46.5783,53.4217
10,22,STA. MARIA DEL LAGO,12,1083,1837,2920,37.089,62.911
10,23,LA GRANJA,19,2554,2134,4688,54.4795,45.5205
10,24,FLORENCIA,8,958,1084,2042,46.9148,53.0852
10,25,SANTA ROSITA,39,4892,5698,10590,46.1945,53.8055
10,26,QUIRIGUA,29,3364,3640,7004,48.0297,51.9703
10,27,LA ESPAÑOLA,14,1623,1807,3430,47.3178,52.6822
10,28,MINUTO DE DIOS,21,2290,2954,5244,43.669,56.331
10,29,LA SERENA,10,1106,1449,2555,43.2877,56.7123
10,30,BACHUE,40,6014,4016,10030,59.9601,40.0399
10,31,QUIRIGUA (PLAZA DE MERCADO),26,3520,2877,6397,55.0258,44.9742
10,32,BACHUE II - BOCHICA I,12,1436,1531,2967,48.3991,51.6009
10,33,VILLA GLADYS,18,2411,2174,4585,52.5845,47.4155
10,34,EL CORTIJO ENGATIVA,33,3462,5110,8572,40.3873,59.6127
10,35,SAN MARCOS,29,3638,3873,7511,48.4356,51.5644
10,36,SAN IGNACIO,5,390,752,1142,34.1506,65.8494
10,37,TABORA,29,3867,3735,7602,50.8682,49.1318
10,38,EL MORISCO,16,2039,2238,4277,47.6736,52.3264
10,39,LOS CEREZOS,11,1478,1447,2925,50.5299,49.4701
10,40,CIUDADELA COLSUBSIDIO,16,1568,2927,4495,34.8832,65.1168
10,41,FERIAS II,16,2164,1772,3936,54.9797,45.0203
10,42,EL MUELLE,41,5820,4672,10492,55.4708,44.5292
10,43,LA CABAÑA,13,1740,1568,3308,52.5998,47.4002
10,44,TISQUESUSA,4,345,506,851,40.5405,59.4595
10,45,SANTA CECILIA,5,472,717,1189,39.6972,60.3028
10,46,PLAZUELAS DEL VIRREY,14,1693,2086,3779,44.8002,55.1998
10,47,CIUDAD DE HONDA,6,716,685,1401,51.1064,48.8936
10,48,ZARZAMORA,13,1292,2010,3302,39.1278,60.8722
10,49,VILLA CONSTANZA,3,398,293,691,57.5977,42.4023
10,50,MORTIÑO,6,755,817,1572,48.028,51.972
10,51,PALO BLANCO,7,821,842,1663,49.3686,50.6314
10,52,SAN JOAQUIN,4,592,532,1124,52.669,47.331
10,53,PRIMAVERA,7,1087,822,1909,56.9408,43.0592
10,54,BOLIVIA,32,4506,4717,9223,48.8561,51.1439
10,55,GRAN GRANADA,32,4117,4530,8647,47.6119,52.3881
10,56,EL CEDRO,8,1211,946,2157,56.1428,43.8572
10,57,TORQUIGUA,23,3699,1735,5434,68.0714,31.9286
10,58,ALMAZAN ENGATIVA,31,4927,2735,7662,64.3044,35.6956
10,59,UNICENTRO DE OCCIDENTE,21,3004,3007,6011,49.975,50.025
10,60,SALON COMUNAL ALAMOS,10,1551,1256,2807,55.2547,44.7453
10,61,LEON VALENCIA,3,489,414,903,54.1528,45.8472
10,62,LA CLARITA,7,1026,1046,2072,49.5174,50.4826
10,63,CENTRO EDUCATIVO SCALAS,5,741,511,1252,59.1853,40.8147
10,64,NACIONES UNIDAS SEDE B,4,623,503,1126,55.3286,44.6714
10,65,COLEGIO NORTE ADVENTISTA,3,372,512,884,42.0814,57.9186
10,66,ALCALA SEDE B,3,297,313,610,48.6885,51.3115
10,67,DIVERPLAZA,32,5009,3409,8418,59.5034,40.4966
10,68,MARGARITA BOSCO,11,1490,1801,3291,45.275,54.725
10,69,COLEGIO COPES,5,619,601,1220,50.7377,49.2623
10,70,SOLEDAD NORTE,4,672,511,1183,56.8047,43.1953
10,71,SIDAUTO,1,189,111,300,63.0,37.0
10,72,PARIS GAITAN,6,919,720,1639,56.0708,43.9292
10,73,LA PALESTINA,5,868,601,1469,59.0878,40.9122
10,74,EL ENCANTO,5,673,559,1232,54.6266,45.3734
10,75,EL REAL,2,332,236,568,58.4507,41.5493
10,76,SALON COMUNAL PROTECHO VILLA AMALIA,8,1322,840,2162,61.1471,38.8529
10,77,COLEGIO LESTONAC,3,507,364,871,58.209,41.791
10,78,COMUNIDAD COLEGIO FE Y ALEGRIA,2,323,218,541,59.7043,40.2957
10,79,CENTRO COMERCIAL PUNTO 72,6,754,631,1385,54.4404,45.5596
10,80,UNIMINUTO ESCUELA DE CONVENCIONES,5,805,556,1361,59.1477,40.8523
10,81,PARQUE SAN ANDRES,17,2758,2205,4963,55.5712,44.4288
10,82,SALON COMUNAL EL VERDUM,8,1457,932,2389,60.9879,39.0121
10,83,LA FAENA,9,1530,841,2371,64.5297,35.4703
10,84,BOSQUES DE MARIANA,10,1697,1168,2865,59.2321,40.7679
10,85,CENTRO COMERCIAL NUESTRO BOGOTA,20,3022,2251,5273,57.3108,42.6892
10,86,UNIVERSIDAD UDCA ENGATIVA,5,646,552,1198,53.9232,46.0768
10,87,GIMNASIO SANTA MARIA DEL ALCAZAR,3,459,442,901,50.9434,49.0566
10,88,COLEGIO RR OBLATAS AL DIVINO AMOR,5,569,687,1256,45.3025,54.6975
10,89,COLEGIO ANTONIO NARIÑO SEDE 2,3,429,490,919,46.6812,53.3188
10,90,CUR DE COMPENSAR,2,243,188,431,56.3805,43.6195
10,91,COLEGIO GARCES NAVAS SEDE B,3,500,249,749,66.7557,33.2443
10,92,COLEGIO FLORIDABLANCA (IED) SEDE B,2,309,199,508,60.8268,39.1732
10,93,COL INST TEC LAUREANO GOMEZ (IED) SEDE A,4,722,560,1282,56.3183,43.6817
10,94,COLEGIO LUCILA RUBIO DE LAVERDE (IED),6,750,910,1660,45.1807,54.8193
10,95,SALON COMUNAL VILLAS DE GRANADA,12,1980,1788,3768,52.5478,47.4522
10,96,COLEGIO ANTONIO VILLAVICENCIO SEDE B,7,1250,832,2082,60.0384,39.9616
10,97,COLEGIO FLORIDABLANCA (IED) SEDE C,2,340,239,579,58.7219,41.2781
10,98,COLEGIO DISTRITAL RODOLFO LLINAS SEDE B,2,293,248,541,54.159,45.841
11,01,PARQUE FUNDACIONAL DE SUBA,63,6472,7589,14061,46.028,53.972
11,02,COLEGIO SAN JOSE DE CALASANZ,20,2339,2217,4556,51.3389,48.6611
11,03,VILLA ELISA SEDE C - IED,17,2049,2132,4181,49.0074,50.9926
11,04,GERARDO PAREDES - IED,46,6636,4003,10639,62.3743,37.6257
11,05,ALBERTO LLERAS CAMARGO - IED,31,3836,3798,7634,50.2489,49.7511
11,06,TIBABUYES UNIVERSAL SEDE A - IED,22,3012,2232,5244,57.4371,42.5629
11,07,CASABLANCA SUBA,9,1008,1027,2035,49.5332,50.4668
11,08,VILLA DEL PRADO UNIAGRARIA,27,1907,4780,6687,28.518,71.482
11,09,PRADO PINZON,19,1548,2897,4445,34.8256,65.1744
11,10,PRADO CIUDAD JARDIN,15,1451,2200,3651,39.7425,60.2575
11,11,CENTRO COMERCIAL BULEVAR NIZA,49,3304,9201,12505,26.4214,73.5786
11,12,PONTEVEDRA,16,1190,2702,3892,30.5755,69.4245
11,13,SAN NICOLAS-AGUSTINIANO NORTE,17,906,3332,4238,21.378,78.622
11,14,LA CONEJERA,7,948,654,1602,59.176,40.824
11,15,PRADO VERANIEGO,19,1617,2843,4460,36.2556,63.7444
11,16,NIZA IX,14,1021,2188,3209,31.8168,68.1832
11,17,LA ALHAMBRA CARULLA,25,988,5346,6334,15.5984,84.4016
11,18,PUENTE LARGO-EMMANUEL D.ALZON,28,1894,5726,7620,24.8556,75.1444
11,19,FLORESTA NORTE-JULIO FLOREZ,16,1058,2808,3866,27.3668,72.6332
11,20,PASADENA-LOS TRES ELEFANTES,15,694,3073,3767,18.4231,81.5769
11,21,NUEVA ZELANDIA,17,1698,2614,4312,39.3785,60.6215
11,22,EL SALITRE SEDE C - IED,20,2148,2827,4975,43.1759,56.8241
11,23,SAN CIPRIANO,16,1377,2561,3938,34.967,65.033
11,24,FUNDACION UNIVERSITARIA LUIS AMIGO,21,1556,3716,5272,29.5144,70.4856
11,25,LA GAITANA SEDE A - IED,26,3650,2132,5782,63.1269,36.8731
11,26,DON BOSCO - IED,34,3954,4320,8274,47.7883,52.2117
11,27,COLEGIO HIJAS DE CRISTO REY,35,1681,7418,9099,18.4746,81.5254
11,28,CENTRO COMERCIAL MAZUREN,39,2690,7976,10666,25.2203,74.7797
11,29,TEJARES NORTE,17,1227,3093,4320,28.4028,71.5972
11,30,COLEGIO CELESTIN FREINET,16,2253,2018,4271,52.7511,47.2489
11,31,ALVARO GOMEZ HURTADO SEDE A - IED,35,4798,4337,9135,52.5233,47.4767
11,32,DELIA ZAPATA OLIVELLA - IED,26,4330,2746,7076,61.1928,38.8072
11,33,HUNZA SEDE B - IED,8,1199,935,2134,56.1856,43.8144
11,34,VILLA ELISA SEDE A - IED,7,714,812,1526,46.789,53.211
11,35,REPUBLICA DOMINICANA SEDE A - IED,27,3897,2938,6835,57.0154,42.9846
11,36,LA TOSCANA LISBOA SEDE B - IED,22,3262,2067,5329,61.2122,38.7878
11,37,UNIVERSIDAD UDCA SUBA,2,87,440,527,16.5085,83.4915
11,38,GIMNASIO COLOMBO BRITANICO (GCB),4,142,817,959,14.8071,85.1929
11,39,PRADO SUR,25,2818,3829,6647,42.3951,57.6049
11,40,SUPERCADE SUBA,24,3330,2657,5987,55.6205,44.3795
11,41,NICOLAS BUENAVENTURA - IED,24,3377,2586,5963,56.6326,43.3674
11,42,SALON COMUNAL SAN FRANCISCO,3,401,409,810,49.5062,50.4938
11,43,FUNDACION SAN FELIPE NERI,2,272,218,490,55.5102,44.4898
11,44,SIMON BOLIVAR - IED,15,2063,1805,3868,53.3351,46.6649
11,45,COLEGIO EUCARISTICO MERCEDARIO,15,2055,1866,3921,52.4101,47.5899
11,46,RAMON DE ZUBIRIA SEDE B - IED,11,1730,1100,2830,61.1307,38.8693
11,47,RAMON DE ZUBIRIA SEDE A - IED,28,4644,1929,6573,70.6527,29.3473
11,48,VIRGINIA GUTIERREZ DE PINEDA - IED,13,2135,1179,3314,64.4237,35.5763
11,49,GONZALO ARANGO - IED,15,2505,1577,4082,61.367,38.633
11,50,NUEVA COLOMBIA - IED,24,4042,2174,6216,65.0257,34.9743
11,51,FE Y ALEGRIA JOSE MARIA VELAZ - IED,27,4792,2182,6974,68.7124,31.2876
11,52,COLEGIO PEDAGOGICO DULCE MARIA,20,3028,1865,4893,61.8843,38.1157
11,53,COMPARTIR SEDE A - IED,34,5471,3798,9269,59.0247,40.9753
11,54,GERARDO MOLINA RAMIREZ - IED,32,5568,2731,8299,67.0924,32.9076
11,55,EL BATAN,8,457,1515,1972,23.1744,76.8256
11,56,NIZA CENTRO COMERCIAL NIZA,37,3005,7133,10138,29.641,70.359
11,57,CENTRO COMERCIAL PASEO SAN RAFAEL,48,3397,10431,13828,24.5661,75.4339
11,58,ALMACEN ÉXITO LA COLINA,28,1708,5915,7623,22.4059,77.5941
11,59,CARULLA RINCON DE LA COLINA,13,773,2720,3493,22.13,77.87
11,60,COLSUBSIDIO MAZUREN,16,997,3156,4153,24.0067,75.9933
11,61,CANCHA MULTIPLE VILLA DELIA,15,1449,2767,4216,34.3691,65.6309
11,62,BIBLIOTECA JULIO MARIO SANTODOMINGO,17,1449,3239,4688,30.9087,69.0913
11,63,COLEGIO RAFAEL MAYA,2,339,115,454,74.6696,25.3304
11,64,SALON COMUNAL SANTA CECILIA,8,1320,529,1849,71.3899,28.6101
11,65,INSTITUTO SAN BASILIO,6,751,430,1181,63.5902,36.4098
11,66,FILARMONICO JORGE MARIO BERGOGLIO - IED,10,1434,1222,2656,53.991,46.009
11,67,VEINTIUN ANGELES SEDE A - IED,7,1063,731,1794,59.2531,40.7469
11,68,CHORRILLOS,2,165,90,255,64.7059,35.2941
11,69,HUNZA SEDE A - IED,4,740,322,1062,69.6798,30.3202
11,70,COLEGIO MAXIMINO POITIERS,21,2762,3303,6065,45.54,54.46
11,71,SALON COMUNAL AURES II,7,1165,723,1888,61.7055,38.2945
11,72,SALON COMUNAL VILLA MARIA,4,530,288,818,64.7922,35.2078
11,73,SALON COMUNAL VILLA CINDY,7,1235,503,1738,71.0587,28.9413
11,74,FLORESTA OUTLET,18,1538,3662,5200,29.5769,70.4231
11,75,COLEGIO JOHN DEWEY,5,400,882,1282,31.2012,68.7988
11,76,CANCHA MULTIPLE LA VICTORIA NORTE,19,1879,3647,5526,34.0029,65.9971
11,77,CC PORTOALEGRE,2,143,404,547,26.1426,73.8574
11,78,CC PARQUE LA COLINA,36,2944,6692,9636,30.5521,69.4479
11,79,CANCHAS MULTIPLES CAMINOS DE SAN LORENZO,24,1967,5121,7088,27.7511,72.2489
11,80,COLEGIO MARYMOUNT,14,1026,2950,3976,25.8048,74.1952
11,81,SAN JOSE BAVARIA-ABRAHAM LINCOLN,13,1180,2368,3548,33.2582,66.7418
11,82,COLEGIO DEL BOSQUE,2,207,246,453,45.6954,54.3046
11,83,COLEGIO SANTIAGO ALBERIONI,6,576,999,1575,36.5714,63.4286
11,84,COLEGIO VISTA BELLA,14,1774,2373,4147,42.7779,57.2221
11,85,MIRANDELA - NUEVA ZELANDIA,18,1982,3115,5097,38.8856,61.1144
11,86,CENTRO COMERCIAL SANTAFE,39,4190,6763,10953,38.2544,61.7456
11,87,TIBABUYES UNIVERSAL SEDE B - IED,9,1446,774,2220,65.1351,34.8649
11,88,LA TOSCANA LISBOA SEDE A - IED,10,1593,656,2249,70.8315,29.1685
11,89,CENTRO COMERCIAL CENTRO SUBA,42,6244,4323,10567,59.0896,40.9104
11,90,ALVARO GOMEZ HURTADO SEDE B - IED,9,1442,762,2204,65.4265,34.5735
11,91,JUAN LOZANO Y LOZANO SEDE B - IED,18,2882,2354,5236,55.042,44.958
11,92,LA GAITANA SEDE B - IED,15,2535,1049,3584,70.731,29.269
11,93,COLEGIO ELISA MUJICA VELASQUEZ,3,448,224,672,66.6667,33.3333
11,94,REPUBLICA DOMINICANA SEDE B - IED,15,2614,1620,4234,61.7383,38.2617
11,95,CENTRO COMERCIAL PLAZA IMPERIAL,35,5141,4111,9252,55.5664,44.4336
11,96,SALON COMUNAL EL SOLAR,7,1154,794,1948,59.2402,40.7598
11,97,SALON COMUNAL SAN PEDRO DE TIBABUYES,7,1143,540,1683,67.9144,32.0856
11,98,SALON COMUNAL COMPARTIR 1,5,750,448,1198,62.6043,37.3957
11,99,COMPARTIR SEDE B IED,9,1538,1217,2755,55.8258,44.1742
11,A1,VILLA ELISA SEDE B IED,5,777,502,1279,60.7506,39.2494
11,A2,SALON COMUNAL CIUDAD JARDIN NORTE,9,846,1835,2681,31.5554,68.4446
11,A3,CENTRO COMERCIAL BIMA,4,258,562,820,31.4634,68.5366
11,A4,COLEGIO HELVETIA,3,193,719,912,21.1623,78.8377
11,A5,CENTRO DE FELICIDAD LAS COMETAS,3,347,351,698,49.7135,50.2865
11,A6,TUNA ALTA,2,293,200,493,59.432,40.568
11,A7,COLISEO TIBABUYES,7,1153,721,1874,61.5261,38.4739
11,A8,CENTRO FELICIDAD FONTANAR DEL RÍO,3,382,298,680,56.1765,43.8235
11,A9,COLEGIO JAIME NIÑO DIEZ,14,2132,1961,4093,52.0889,47.9111
11,B1,SALON COMUNAL ALCAPARROS,6,1000,891,1891,52.8821,47.1179
11,B2,SALÓN COMUNAL AMBERES,3,550,241,791,69.5322,30.4678
11,B3,SALÓN COMUNAL BILBAO,1,143,68,211,67.7725,32.2275
11,B4,SALÓN COMUNAL LISBOA,4,755,289,1044,72.318,27.682
11,B5,SALÓN COMUNAL EL PÓRTICO,8,1162,1161,2323,50.0215,49.9785
11,B6,SALÓN COMUNAL VILLA HERMOSA,3,458,236,694,65.9942,34.0058
12,01,LA CASTELLANA,20,1133,3447,4580,24.738,75.262
12,02,RIONEGRO,18,1694,2485,4179,40.536,59.464
12,03,PATRIA,5,443,711,1154,38.3882,61.6118
12,04,GAITAN,15,1535,2038,3573,42.9611,57.0389
12,05,ENTRE RIOS,9,741,1328,2069,35.8144,64.1856
12,06,METROPOLIS,20,1698,3179,4877,34.8165,65.1835
12,07,SIMON BOLIVAR,25,2790,2955,5745,48.564,51.436
12,08,JOSE JOAQUIN VARGAS,22,2198,3141,5339,41.1688,58.8312
12,09,SAN FERNANDO,18,2040,1975,4015,50.8095,49.1905
12,10,POPULAR MODELO,22,2276,3247,5523,41.2095,58.7905
12,11,12 DE OCTUBRE,10,1115,1170,2285,48.7965,51.2035
12,12,SANTA SOFIA,12,1193,1553,2746,43.445,56.555
12,13,POLO CLUB,8,492,1205,1697,28.9923,71.0077
12,14,PARQUE JUAN XXIII,7,557,885,1442,38.6269,61.3731
12,15,LOS ALCAZARES,14,1350,1842,3192,42.2932,57.7068
12,16,LA PAZ,7,710,798,1508,47.0822,52.9178
12,17,COLOMBIA,10,1125,1071,2196,51.2295,48.7705
12,18,LA MUEQUETA,4,384,450,834,46.0432,53.9568
12,19,SIETE DE AGOSTO,18,2003,2244,4247,47.1627,52.8373
12,20,BENJAMIN HERRERA,9,918,1117,2035,45.1106,54.8894
12,21,POLIDEPORTIVO  POLO,7,679,1058,1737,39.0904,60.9096
12,22,ISERRA 100,11,792,1934,2726,29.0536,70.9464
12,23,SAN MIGUEL,7,899,1017,1916,46.9207,53.0793
12,24,PLAZA DE LOS ARTESANOS,8,1066,1279,2345,45.4584,54.5416
12,25,CAFAM AV. 68,29,3114,4733,7847,39.684,60.316
12,26,JORGE ELIECER GAITAN SEDE B PRIMARIA,11,1566,1482,3048,51.378,48.622
12,27,REPUBLICA DE PANAMA SEDE C,6,879,675,1554,56.5637,43.4363
12,28,LORENCITA VILLEGAS DE SANTOS,1,118,125,243,48.5597,51.4403
12,29,HELADIA MEJIA SEDE A,1,162,129,291,55.6701,44.3299
12,30,DOMINGO FAUSTINO SARMIENTO SEDE B,3,284,346,630,45.0794,54.9206
12,31,11 DE NOVIEMBRE,2,188,140,328,57.3171,42.6829
12,32,RAFAEL BERNAL JIMENEZ SEDE A,2,146,176,322,45.3416,54.6584
12,33,UNITEC,1,121,81,202,59.901,40.099
12,36,FUNDACION UNIVERSITARIA LOS LIBERTADORES,2,221,169,390,56.6667,43.3333
12,37,CASA COMUNAL Y CULTURAL RIONEGRO,3,375,483,858,43.7063,56.2937
13,01,DIVINO SALVADOR,17,1807,1489,3296,54.824,45.176
13,02,SAN LUIS,15,1683,1476,3159,53.2764,46.7236
13,04,NICOLAS DE FEDERMAN,16,1384,2513,3897,35.5145,64.4855
13,05,PABLO VI,16,1278,2499,3777,33.8364,66.1636
13,06,EL SALITRE,6,510,785,1295,39.3822,60.6178
13,07,LA ESMERALDA,16,1701,2504,4205,40.4518,59.5482
13,08,CAFAM CALLE 51,12,1164,1313,2477,46.9923,53.0077
13,09,PALERMO,16,1228,2014,3242,37.8779,62.1221
13,10,COLEGIO AMERICANO,21,1892,2250,4142,45.6784,54.3216
13,11,COLEGIO MONTEHELENA,7,916,711,1627,56.2999,43.7001
13,12,HEMEROTECA NACIONAL,8,824,880,1704,48.3568,51.6432
13,13,GIMNASIO WILLIAM MACKINLEY,22,2154,3433,5587,38.5538,61.4462
13,14,CENTRO NARIÑO,10,1094,1130,2224,49.1906,50.8094
13,15,RESIDENCIAS B.C.H.,9,789,860,1649,47.8472,52.1528
13,16,SANTA TERESITA,5,360,571,931,38.6681,61.3319
13,17,LA MAGDALENA,11,1341,1078,2419,55.4361,44.5639
13,18,TEUSAQUILLO,16,1933,1376,3309,58.4164,41.5836
13,19,PABLO VI II ETAPA,7,556,1100,1656,33.5749,66.4251
13,20,RAFAEL NUÑEZ,12,1207,2098,3305,36.5204,63.4796
13,21,CIUDAD SALITRE,19,1425,3664,5089,28.0016,71.9984
13,22,LICEO PARROQUIAL SARA ZAPATA,7,1029,831,1860,55.3226,44.6774
13,23,ACEVEDO TEJADA,4,689,422,1111,62.0162,37.9838
13,24,BIBLIOTECA VIRGILIO BARCO,8,1135,943,2078,54.6198,45.3802
13,25,IMPRENTA NACIONAL VIA PUBLICA,18,1474,3320,4794,30.7468,69.2532
13,26,COLEGIO DEL PILAR,13,1240,1334,2574,48.174,51.826
13,27,UNIVERSIDAD ECCI - SEDE G,8,1383,760,2143,64.5357,35.4643
13,28,COLEGIO SANTA CLARA,9,1466,829,2295,63.878,36.122
13,29,CIRCULO COLOMBIANO DE ARTISTAS,3,408,170,578,70.5882,29.4118
13,30,UNIVERSIDAD NACIONAL AUD ALFONSO LOPEZ,6,1263,281,1544,81.8005,18.1995
13,31,SUPERCADE CAD,6,1051,608,1659,63.3514,36.6486
13,32,CENTRO COMERCIAL GALERIAS,21,3251,2350,5601,58.0432,41.9568
13,33,UNIV  ANTONIO NARIÑO TEUSAQUILLO,2,213,384,597,35.6784,64.3216
13,34,UNIEMPRESARIAL,1,136,80,216,62.963,37.037
13,35,CENTRO DE INTEGRACION SOCIAL,1,182,83,265,68.6792,31.3208
13,36,JARDIN INF. AFRO EL MUNDO DE LOS ORIXAS,4,768,372,1140,67.3684,32.6316
13,37,UNINPAHU,1,91,25,116,78.4483,21.5517
13,38,UNIVERSIDAD DE ANTIOQUIA,2,252,73,325,77.5385,22.4615
13,39,SALON COMUNAL LA ESMERALDA,3,360,434,794,45.3401,54.6599
14,01,SANTA FE,13,1063,965,2028,52.4162,47.5838
14,02,IED REPUBLICA BOLIVARIANA SEDE B,8,694,720,1414,49.0806,50.9194
14,03,COLSEGUROS,6,553,735,1288,42.9348,57.0652
14,04,ESTACION DE LA SABANA,13,1265,1299,2564,49.337,50.663
14,05,RICAURTE,19,1985,2079,4064,48.8435,51.1565
14,06,LA ESTANZUELA - IED ANTONIA SANTOS,18,1420,2483,3903,36.3823,63.6177
14,07,VERAGUAS,8,660,1005,1665,39.6396,60.3604
14,08,CENTRO CRECER,13,991,1584,2575,38.4854,61.5146
14,09,EL VERGEL,14,1622,1706,3328,48.738,51.262
14,10,EDUARDO SANTOS,11,1074,1245,2319,46.3131,53.6869
14,11,SAN FASON,7,596,718,1314,45.3577,54.6423
14,12,LA REBECA,4,401,456,857,46.7911,53.2089
14,13,PANAMERICANO,5,733,459,1192,61.4933,38.5067
14,14,ANTONIO RICAURTE,4,530,443,973,54.4707,45.5293
14,15,COLEGIO DISTRITAL TECNICO MENORAH,6,757,631,1388,54.5389,45.4611
14,16,CENTRO MEMORIA,5,588,319,907,64.8291,35.1709
14,17,SALON COMUNAL SANTA ISABEL,6,711,867,1578,45.057,54.943
14,18,MALLPLAZA,17,2113,1806,3919,53.9168,46.0832
14,19,COLEGIO BILINGUE CEDAM,5,603,888,1491,40.4427,59.5573
14,20,SALON COMUNAL SAMPER MENDOZA,3,476,325,801,59.4257,40.5743
14,21,SALON COMUNAL USATAMA,3,380,423,803,47.3225,52.6775
14,22,FUNDACION UNIVERSITARIA SAN MATEO,1,141,54,195,72.3077,27.6923
14,23,SAN VICENTE PLAZA,2,124,183,307,40.3909,59.6091
14,24,EL CASTILLO DE LAS ARTES,1,143,65,208,68.75,31.25
14,25,COL SAN JOSE MARTIRES,1,123,115,238,51.6807,48.3193
15,01,POLICARPA,19,2682,1600,4282,62.6343,37.3657
15,02,CIUDAD BERNA,13,1575,1391,2966,53.1018,46.8982
15,03,SAN ANTONIO,14,1453,1643,3096,46.9315,53.0685
15,04,LUNA PARK,6,675,595,1270,53.1496,46.8504
15,05,CIUDAD JARDIN,21,1983,2834,4817,41.1667,58.8333
15,06,RESTREPO A,28,3283,2698,5981,54.8905,45.1095
15,07,RESTREPO B,19,2046,2117,4163,49.1472,50.8528
15,08,SALON COMUNAL LA FRAGUITA,8,972,908,1880,51.7021,48.2979
15,09,LA FRAGUA,17,2230,2121,4351,51.2526,48.7474
15,10,SANTANDER,10,987,1111,2098,47.0448,52.9552
15,11,SANTANDER SUR,6,836,671,1507,55.4745,44.5255
15,12,VILLA MAYOR,22,2575,2947,5522,46.6317,53.3683
15,13,SENA,17,1994,2062,4056,49.1617,50.8383
15,14,LA VALVANERA,13,1632,1861,3493,46.722,53.278
15,15,SALÓN COMUNAL SAN ANTONIO,2,211,117,328,64.3293,35.6707
15,16,COLEGIO ADVENTISTA EMMANUEL,4,435,401,836,52.0335,47.9665
15,17,SALON COMUNAL VILLA MAYOR,6,778,647,1425,54.5965,45.4035
15,18,CINCO DE NOVIEMBRE,4,603,559,1162,51.8933,48.1067
15,19,CASA COMUNAL CIUDAD JARDIN,4,614,395,1009,60.8523,39.1477
15,20,SALON COMUNAL SEVILLA SUR,1,164,108,272,60.2941,39.7059
15,21,SALON COMUNAL EDUARDO FREI,2,203,142,345,58.8406,41.1594
15,22,COLEGIO NUESTRA SEÑORA DE LA PAZ,2,191,118,309,61.8123,38.1877
15,23,SALON COMUNAL CIUDAD BERNA,3,375,301,676,55.4734,44.5266
15,24,COLEGIO ATANASIO GIRARDOT SEDE B,2,184,155,339,54.2773,45.7227
16,01,DELICIAS MUZU,21,2446,2108,4554,53.711,46.289
16,02,CIUDAD MONTES,23,2520,2610,5130,49.1228,50.8772
16,03,SANTA MATILDE,17,1598,2330,3928,40.6823,59.3177
16,04,LA ASUNCION,14,1324,2046,3370,39.2878,60.7122
16,05,ALCALDIA PUENTE ARANDA,20,1816,2659,4475,40.581,59.419
16,06,LA PRIMAVERA,21,2132,2723,4855,43.9135,56.0865
16,07,CUNDINAMARCA,4,541,327,868,62.3272,37.6728
16,08,LA FRANCIA,8,804,1034,1838,43.7432,56.2568
16,09,PUENTE ARANDA,6,520,687,1207,43.082,56.918
16,10,SALAZAR GOMEZ,12,1005,1180,2185,45.9954,54.0046
16,11,LA TRINIDAD,8,757,950,1707,44.3468,55.6532
16,12,LA PRADERA,14,1638,1745,3383,48.4186,51.5814
16,13,COLON,25,2421,3938,6359,38.072,61.928
16,14,SAN RAFAEL,15,1629,1986,3615,45.0622,54.9378
16,15,EL JAZMIN,16,1850,2205,4055,45.6227,54.3773
16,16,LA PONDEROSA,13,1410,1772,3182,44.3118,55.6882
16,17,GALAN,22,2621,2608,5229,50.1243,49.8757
16,18,MILENTA,12,1229,1443,2672,45.9955,54.0045
16,19,EL TEJAR,15,1736,1720,3456,50.2315,49.7685
16,20,ALQUERIA,18,2039,2260,4299,47.4296,52.5704
16,21,ALCALA,25,3159,2885,6044,52.2667,47.7333
16,22,SANTA RITA,22,2380,2878,5258,45.2644,54.7356
16,23,AUTOPISTA SUR,8,811,1135,1946,41.6752,58.3248
16,24,LOS SAUCES,13,1425,1860,3285,43.379,56.621
16,25,CARRERA CENTRO COMERCIAL,8,958,952,1910,50.1571,49.8429
16,26,SAN ANDRESITO,9,868,1407,2275,38.1538,61.8462
16,27,SALÓN COMUNAL COLÓN,6,756,827,1583,47.7574,52.2426
16,28,COLONIA ORIENTAL,6,767,757,1524,50.3281,49.6719
16,29,SALÓN COMUNAL LA TRINIDAD,4,563,479,1042,54.0307,45.9693
16,30,PRIMAVERA Y GORGONZOLA,7,1028,863,1891,54.3628,45.6372
16,31,SALON COMUNAL CIUDAD MONTES II,8,1059,1064,2123,49.8822,50.1178
16,32,SALON COMUNAL EL REMANSO SUR,4,461,443,904,50.9956,49.0044
16,33,SALON COMUNAL VERAGUAS,6,800,858,1658,48.2509,51.7491
16,34,INSTITUTO DE INTEGRACION CULTURAL,5,725,781,1506,48.1408,51.8592
16,35,COLEGIO DISTRITAL SORRENTO,12,1919,1271,3190,60.1567,39.8433
16,36,LUIS CARLOS GALAN SARMIENTO,10,1525,1300,2825,53.9823,46.0177
16,37,CULTURA POPULAR SEDE C,4,675,440,1115,60.5381,39.4619
16,38,SAN EUSEBIO,5,605,485,1090,55.5046,44.4954
16,39,LOS ANGELES,5,745,689,1434,51.9526,48.0474
16,40,C.C. OUTLET FACTORY,9,1157,992,2149,53.839,46.161
16,41,JORGE GAITAN CORTES,2,297,247,544,54.5956,45.4044
16,42,CENTRO PARA CIEGOS  CRAC,4,557,583,1140,48.8596,51.1404
16,43,JOSE JOAQUIN CASAS SEDE B,2,214,244,458,46.7249,53.2751
16,44,CENTRO EDUCATIVO DISTRITAL ESPAÑA,2,263,166,429,61.3054,38.6946
16,45,SALON COMUNAL TORREMOLINOS I,4,507,548,1055,48.0569,51.9431
16,46,SALON COMUNAL JOSE ANTONIO GALAN,10,1520,1471,2991,50.8191,49.1809
16,47,SALON COMUNAL RAFAEL EUCALIPTOS,2,309,314,623,49.5987,50.4013
16,48,SALON COMUNAL NUEVA PRIMAVERA,7,934,947,1881,49.6544,50.3456
16,49,SALON COMUNAL VILLA INES,2,162,461,623,26.0032,73.9968
16,50,SALON COMUNAL BOCHICA CENTRAL,3,402,528,930,43.2258,56.7742
16,51,SENA CRA 30 HOTEL,1,118,69,187,63.1016,36.8984
16,52,JULIO GARAVITO SEDE C,2,338,279,617,54.7812,45.2188
16,53,BENJAMIN HERRERA SEDE C,1,176,62,238,73.9496,26.0504
16,54,COLISEO EL JAZMIN,3,428,513,941,45.4835,54.5165
16,55,SALON COMUNAL EL JAZMIN,2,160,177,337,47.4777,52.5223
16,56,SALON COMUNAL CIUDAD MONTES III,1,63,56,119,52.9412,47.0588
16,57,MOVILIDAD CALLE 13,1,203,107,310,65.4839,34.5161
16,58,UNIVERSIDAD DISTRITAL CALLE 13,1,20,15,35,57.1429,42.8571
16,59,SALON COMUNAL SALAZAR GOMEZ,1,134,136,270,49.6296,50.3704
16,60,SALON COMUNAL MILENTA,4,423,640,1063,39.793,60.207
16,61,SALON COMUNAL CUNDINAMARCA,2,221,151,372,59.4086,40.5914
16,62,CASA DE LA CULTURA LA ASUNCION,3,321,417,738,43.4959,56.5041
16,63,SALON COMUNAL SANTA RITA,2,173,203,376,46.0106,53.9894
17,01,LA CONCORDIA,19,2671,1208,3879,68.858,31.142
17,02,ALCALDIA MAYOR,21,2084,1913,3997,52.1391,47.8609
17,03,EGIPTO,14,2027,860,2887,70.2113,29.7887
17,04,ARCHIVO DISTRITAL,19,2828,1238,4066,69.5524,30.4476
17,05,MURILLO TORO,8,1021,756,1777,57.4564,42.5436
17,06,COLEGIO MAYOR SAN BARTOLOME,7,1092,567,1659,65.8228,34.1772
17,07,AUTONOMA DE COLOMBIA,4,541,263,804,67.2886,32.7114
17,08,EGIPTO ESCUELA QUINTA DIAZ,3,514,126,640,80.3125,19.6875
17,09,LA SALLE CANDELARIA,3,488,179,667,73.1634,26.8366
17,10,NEOS CENTRO,2,199,164,363,54.8209,45.1791
18,01,CLARET,18,2244,1815,4059,55.2846,44.7154
18,02,INGLES,17,2089,1469,3558,58.7128,41.2872
18,03,BRAVO PAEZ,9,1146,713,1859,61.646,38.354
18,04,LIBERTADOR II,12,1737,1088,2825,61.4867,38.5133
18,05,CENTENARIO,14,1555,1106,2661,58.4367,41.5633
18,06,OLAYA,12,1568,1018,2586,60.6342,39.3658
18,07,SAN JOSE RAFAEL URIBE,17,2203,1725,3928,56.0845,43.9155
18,08,ALEJANDRO OBREGON GUSTAVO REST,14,1627,1700,3327,48.9029,51.0971
18,09,QUIROGA,19,2687,1672,4359,61.6426,38.3574
18,10,ALCALDIA QUIROGA,20,2367,2047,4414,53.6248,46.3752
18,11,CENTRAL QUIROGA,11,1419,1113,2532,56.0427,43.9573
18,12,SANTA LUCIA,18,2411,1738,4149,58.1104,41.8896
18,13,LAS COLINAS,12,1632,765,2397,68.0851,31.9149
18,14,COUNTRY SUR,30,4405,3244,7649,57.5892,42.4108
18,15,LAS LOMAS,17,2755,1018,3773,73.0188,26.9812
18,16,ALEXANDER FLEMING SAN JORGE,16,2098,1339,3437,61.0416,38.9584
18,17,REINO DE HOLANDA,9,1360,789,2149,63.2852,36.7148
18,18,MARCO FIDEL SUAREZ,16,2403,1419,3822,62.8728,37.1272
18,19,EL SOCORRO SUR,8,1180,577,1757,67.1599,32.8401
18,20,MOLINOS DEL SUR,36,5547,3095,8642,64.1865,35.8135
18,21,CIUDAD BOCHICA SUR,24,3724,2121,5845,63.7126,36.2874
18,22,LOS MOLINOS II SECTOR,20,3266,1443,4709,69.3566,30.6434
18,23,PALERMO SUR,17,2722,1019,3741,72.7613,27.2387
18,24,VILLA MAYOR LA NUEVA,10,1031,1405,2436,42.3235,57.6765
18,25,GRANJAS DE SAN PABLO,10,1517,740,2257,67.2131,32.7869
18,26,RESURRECCION,8,1267,536,1803,70.2718,29.7282
18,27,RAFAEL URIBE LA PAZ,8,1182,646,1828,64.6608,35.3392
18,28,SAN AGUSTIN SUR,28,4700,2105,6805,69.0669,30.9331
18,29,COVIVIENDA DEL SUR ORIENTE,19,2837,1500,4337,65.4139,34.5861
18,30,MARRUECOS APARTAMENTOS,10,1384,893,2277,60.7817,39.2183
18,31,SALON COMUNAL LA MARQUEZA,5,841,445,1286,65.3966,34.6034
18,32,MIRADOR DE MARROCOS,4,510,256,766,66.5796,33.4204
18,33,SAN JUANITO,3,487,227,714,68.2073,31.7927
18,34,PROVIDENCIA,6,962,420,1382,69.6093,30.3907
18,35,GUSTAVO RESTREPO,14,2394,1318,3712,64.4935,35.5065
18,36,SALÓN COMUNAL INGLES,4,619,378,997,62.0863,37.9137
18,37,SALÓN COMUNAL CLARET,6,845,518,1363,61.9956,38.0044
18,38,SAN JORGE,5,855,297,1152,74.2188,25.7812
18,39,LICEO SAN PABLO,3,400,238,638,62.6959,37.3041
18,40,SALÓN COMUNAL CEBADAL,1,156,61,217,71.8894,28.1106
18,41,LA MARQUEZA,5,873,306,1179,74.0458,25.9542
18,42,RAFAEL DELGADO SEDE C,2,291,250,541,53.7893,46.2107
18,43,SALÓN COMUNAL LA PAZ NARANJOS,4,550,187,737,74.6269,25.3731
18,44,INTEG. RAFAEL DELGADO SALGUERO,4,564,259,823,68.5298,31.4702
18,45,PARROQUIAL SAN JOSE,5,905,411,1316,68.769,31.231
18,46,LICEO PSICOPEDAGOGICO MARCO FIDEL SUAREZ,7,1199,578,1777,67.4733,32.5267
18,47,MARIA CANO,12,2361,850,3211,73.5285,26.4715
18,48,CAFAM SANTA LUCIA,10,1719,491,2210,77.7828,22.2172
18,49,COLEGIO DISTRITAL DIANA TURBAY SEDE B,17,3021,745,3766,80.2177,19.7823
18,50,ALIANZA QUIROGA,13,2216,1167,3383,65.504,34.496
18,51,ESTADOS UNIDOS DE AMERICA,6,811,659,1470,55.1701,44.8299
18,52,TORRE MAYOR,2,217,137,354,61.2994,38.7006
18,53,LICEO FEMENINO MERCEDES NARIÑO,4,552,309,861,64.1115,35.8885
18,54,COLEGIO  TORIBIO DE MOGROVEJO,2,255,112,367,69.4823,30.5177
18,55,COLEGIO JOSE MARTI LUIS LOPEZ DE MESA,2,388,102,490,79.1837,20.8163
18,56,COLEGIO  RESTREPO MILLAN SEDE  A,6,924,550,1474,62.6866,37.3134
18,57,FE Y ALEGRIA ONG,6,891,448,1339,66.5422,33.4578
18,58,EL MIRADOR RAFAEL URIBE,3,424,179,603,70.3151,29.6849
18,59,SALON COMUNAL DIANAT SECTOR AYACUCHO,2,244,95,339,71.9764,28.0236
18,61,INSTITUTO SAN ANTONIO DE PADUA,1,105,91,196,53.5714,46.4286
18,62,CENTRO COMUNITARIO CHAMPAGNAT,1,64,31,95,67.3684,32.6316
18,63,POLIDEPORTIVO MOLINOS II,5,862,365,1227,70.2526,29.7474
18,64,COLEGIO LA PAZ IED SEDE B FE Y ALEGRIA,1,111,26,137,81.0219,18.9781
19,01,LUCERO DEL SUR,31,4107,1872,5979,68.6904,31.3096
19,02,SAN JOAQUIN DEL VATICANO,18,2635,895,3530,74.6459,25.3541
19,03,PASQUILLA,2,242,106,348,69.5402,30.4598
19,04,EL TESORO,28,4758,1121,5879,80.9321,19.0679
19,05,MEXICO,33,4715,2504,7219,65.3138,34.6862
19,06,LUCERO MEDIO,11,1517,594,2111,71.8617,28.1383
19,07,VISTAHERMOSA,26,4210,1727,5937,70.9112,29.0888
19,08,LA ACACIA,31,5095,2536,7631,66.7671,33.2329
19,09,JERUSALEN (EL TANQUE),18,2728,1204,3932,69.3795,30.6205
19,10,JUAN PABLO II,19,3109,1158,4267,72.8615,27.1385
19,11,SAN FRANCISCO,43,6463,3569,10032,64.4238,35.5762
19,12,CANDELARIA LA NUEVA,39,5632,3024,8656,65.0647,34.9353
19,13,ARBORIZADORA BAJA,29,4327,2353,6680,64.7754,35.2246
19,14,MADELENA,30,3919,2998,6917,56.6575,43.3425
19,15,ISMAEL PERDOMO,37,5321,3213,8534,62.3506,37.6494
19,16,MOCHUELO ALTO,4,495,170,665,74.4361,25.5639
19,17,MOCHUELO BAJO,9,1511,384,1895,79.7361,20.2639
19,18,CORDILLERA,5,727,186,913,79.6276,20.3724
19,19,NUEVA ARGENTINA,7,975,640,1615,60.3715,39.6285
19,20,LA ESTANCIA,38,5408,2686,8094,66.8149,33.1851
19,21,EL PARAISO,14,2173,850,3023,71.8822,28.1178
19,22,VEREDA QUIBA,3,391,270,661,59.1528,40.8472
19,23,MANUELA BELTRAN,13,2139,1034,3173,67.4125,32.5875
19,24,SIERRA MORENA,33,5505,2209,7714,71.3638,28.6362
19,25,SOTAVENTO,24,4452,1716,6168,72.179,27.821
19,26,SANTO DOMINGO,16,2337,1047,3384,69.0603,30.9397
19,27,VILLA GLORIA SUR,6,1035,414,1449,71.4286,28.5714
19,28,GALICIA,42,6911,3115,10026,68.9308,31.0692
19,29,COLEGIO DISTRITAL GIMNASIO SABIO CALDAS,33,5979,2050,8029,74.4676,25.5324
19,30,CASAVIANCA - UNIVERSIDAD ECCI,8,1224,683,1907,64.1846,35.8154
19,31,CASONA LIBERTADOR COL DIS MARIA CURREA M,29,4580,2712,7292,62.8086,37.1914
19,32,MEISSEN,15,2591,866,3457,74.9494,25.0506
19,33,POTOSI (LA LAGUNA),13,1957,849,2806,69.7434,30.2566
19,34,ALTOS DE JALISCO,3,488,215,703,69.4168,30.5832
19,35,ESTRELLA DEL SUR,12,1906,817,2723,69.9963,30.0037
19,36,CARACOLI,5,698,286,984,70.935,29.065
19,37,SANTA ROSA,1,58,24,82,70.7317,29.2683
19,38,BRISAS DEL VOLADOR,6,1074,402,1476,72.7642,27.2358
19,39,DIVINO NIÑO,5,765,285,1050,72.8571,27.1429
19,40,CASA GRANDE - COL DIST AGUDELO RESTREPO,10,1690,966,2656,63.6295,36.3705
19,41,MONTREAL,4,669,320,989,67.6441,32.3559
19,42,UNION EUROPEA,7,1282,404,1686,76.038,23.962
19,43,SAN FRANCISCO SEDE B,11,1835,625,2460,74.5935,25.4065
19,44,SAN FRANCISCO SEDE A,32,6084,2284,8368,72.7055,27.2945
19,45,JOSE CELESTINO MUTIS,20,3496,1223,4719,74.0835,25.9165
19,46,BONAVISTA,25,4545,2145,6690,67.9372,32.0628
19,47,BELLA FLOR,6,952,254,1206,78.9386,21.0614
19,48,EL MIRADOR CIUDAD BOLIVAR,13,2220,696,2916,76.1317,23.8683
19,49,LAS QUINTAS,6,1041,344,1385,75.1625,24.8375
19,50,COLEGIO FANNY MIKEY,13,2539,603,3142,80.8084,19.1916
19,51,MARANDU,1,93,23,116,80.1724,19.8276
19,52,COL DIST ARBORIZADORA ALTA SEDE A,8,1609,503,2112,76.1837,23.8163
19,53,BALMORAL,7,1189,585,1774,67.0237,32.9763
19,54,LA CORUÑA - LICEO CONTADORA,7,1243,586,1829,67.9606,32.0394
19,55,TANQUE-SIERRA MORENA,7,1136,330,1466,77.4898,22.5102
19,56,ICES LAS BRISAS,2,353,105,458,77.0742,22.9258
19,57,ALTOS DE LA ESTANCIA,5,769,141,910,84.5055,15.4945
19,58,SALON COMUNAL LOS SAUCES,2,364,149,513,70.9552,29.0448
19,59,GRAN PLAZA EL ENSUEÑO,40,6778,3044,9822,69.0083,30.9917
19,60,CASA LINDA TUNAL UNIDAD 2,5,879,471,1350,65.1111,34.8889
19,61,ARBORIZADORA BAJA SALON COMUNAL,8,1519,474,1993,76.2168,23.7832
19,62,SALON COMUNAL SIERRA MORENA I,7,1208,358,1566,77.1392,22.8608
19,63,POLIDEPORTIVO LA ESTANCIA,12,2322,801,3123,74.3516,25.6484
19,64,CALASANZ BUENAVISTA,5,1015,329,1344,75.5208,24.4792
19,65,SALON COMUNAL SAN  FRANCISCO I SECTOR,5,878,291,1169,75.1069,24.8931
19,66,CASA DE LA CULTURA CIUDAD BOLIVAR,9,1545,556,2101,73.5364,26.4636
19,67,COLEGIO CIUDAD BOLIVAR ARGENTINA IED,7,1211,376,1587,76.3075,23.6925
19,68,ROGELIO SALMONA,11,1823,1180,3003,60.706,39.294
19,69,JARDIN INFANTIL LARA BONILLA,5,852,312,1164,73.1959,26.8041
19,70,CENTRO COMERCIAL PASEO DEL RIO,7,1370,694,2064,66.376,33.624
19,71,JARDIN INFANTIL CANDELARIA LA NUEVA,4,726,391,1117,64.9955,35.0045
19,72,SALON COMUNAL LAS HUERTAS,2,403,161,564,71.4539,28.5461
19,73,COLEGIO DISTRITAL EL NOGAL,1,105,40,145,72.4138,27.5862
19,74,COL DIST PARAISO MIRADOR SEDE CASETAS,3,480,236,716,67.0391,32.9609
19,75,UNIVERSIDAD MINUTO DE DIOS SEDE SUR,4,729,460,1189,61.312,38.688
19,76,SALON COMUNAL LA ESTANCIA,7,1274,572,1846,69.0141,30.9859
19,77,COL DIST PARAISO MANUELA BELTRAN SEDE B,3,414,180,594,69.697,30.303
20,01,SAN JUAN DE SUMAPAZ,2,460,4,464,99.1379,0.8621
20,02,NAZARETH,3,238,120,358,66.4804,33.5196
20,03,BETANIA,1,82,72,154,53.2468,46.7532
20,04,LA UNION,2,351,5,356,98.5955,1.4045
20,05,LA Y SANTA ROSA,1,117,24,141,82.9787,17.0213
90,01,PUESTO CENSO(FERIA EXPOSICION),142,15303,14980,30283,50.5333,49.4667
98,01,PENITENCIARIA LA PICOTA,2,164,47,211,77.7251,22.2749
98,02,CARCEL DISTRITAL JUDICIAL MODELO,1,81,47,128,63.2812,36.7188
98,03,RECLUSION DE MUJERES EL BUEN PASTOR,1,37,13,50,74.0,26.0
98,04,CARCEL DISTRITAL,1,116,39,155,74.8387,25.1613
